entity,domain,subcategory,source,language
Eba,food_and_cuisine,dish,wikidata,en
African salad,food_and_cuisine,dish,wikidata,en
Pancake,food_and_cuisine,dish,wikidata,en
agidi,food_and_cuisine,dish,wikidata,en
Ekuru,food_and_cuisine,dish,wikidata,en
Amala,food_and_cuisine,dish,wikidata,en
Abacha Ugba,food_and_cuisine,dish,wikidata,en
Abak atama soup,food_and_cuisine,dish,wikidata,en
Achicha Ede,food_and_cuisine,dish,wikidata,en
Bambara groundnut,food_and_cuisine,dish,wikidata,en
bambara nut pudding,food_and_cuisine,dish,wikidata,en
Banga Rice,food_and_cuisine,dish,wikidata,en
Bobozee,food_and_cuisine,dish,wikidata,en
Breadfruit Porridge,food_and_cuisine,dish,wikidata,en
danwake,food_and_cuisine,dish,wikidata,en
Ekpang Nkwukwo,food_and_cuisine,dish,wikidata,en
gizdodo,food_and_cuisine,dish,wikidata,en
Groundnut soup,food_and_cuisine,dish,wikidata,en
Kunu aya,food_and_cuisine,dish,wikidata,en
Kunun gyada,food_and_cuisine,dish,wikidata,en
Oil Bean Soup,food_and_cuisine,dish,wikidata,en
Peeled Beans Porridge,food_and_cuisine,dish,wikidata,en
Spicy cow foot,food_and_cuisine,dish,wikidata,en
Ukpo Ogede,food_and_cuisine,dish,wikidata,en
Achi Soup,food_and_cuisine,dish,wikidata,en
Egusi soup,food_and_cuisine,dish,wikidata,en
Garri,food_and_cuisine,dish,wikidata,en
Gbegiri Soup,food_and_cuisine,dish,wikidata,en
Ofe Owerri,food_and_cuisine,dish,wikidata,en
Urhobo Owho Soup,food_and_cuisine,dish,wikidata,en
Usi,food_and_cuisine,dish,wikidata,en
kilishi,food_and_cuisine,dish,wikidata,en
palm nut soup,food_and_cuisine,dish,wikidata,en
Ukodo,food_and_cuisine,dish,wikidata,en
Okro soup,food_and_cuisine,dish,wikidata,en
roselle juice,food_and_cuisine,dish,wikidata,en
Efo riro,food_and_cuisine,dish,wikidata,en
miyar kuka,food_and_cuisine,dish,wikidata,en
Tuwo masara (corn meal),food_and_cuisine,dish,wikidata,en
Nsala soup,food_and_cuisine,dish,wikidata,en
Ofada rice,food_and_cuisine,dish,wikidata,en
Edikang Ikong,food_and_cuisine,dish,wikidata,en
Afang,food_and_cuisine,dish,wikidata,en
Funkaso,food_and_cuisine,dish,wikidata,en
ogi,food_and_cuisine,dish,wikidata,en
Isi ewu,food_and_cuisine,dish,wikidata,en
Kuli-kuli,food_and_cuisine,dish,wikidata,en
waina,food_and_cuisine,dish,wikidata,en
suya,food_and_cuisine,dish,wikidata,en
Tuwon shinkafa,food_and_cuisine,dish,wikidata,en
Ofe akwụ,food_and_cuisine,dish,wikidata,en
Ukwa,food_and_cuisine,dish,wikidata,en
dambu,food_and_cuisine,dish,wikidata,en
Banga rice,food_and_cuisine,dish,wikidata,en
Ofe Oha,food_and_cuisine,dish,wikidata,en
Unripe Plantain Porridge,food_and_cuisine,dish,wikidata,en
African Salad,food_and_cuisine,dish,wikidata,en
African Rosewood plant,food_and_cuisine,dish,wikidata,en
beans and corn porridge,food_and_cuisine,dish,wikidata,en
Okoho,food_and_cuisine,dish,wikidata,en
Finger millet pap,food_and_cuisine,dish,wikidata,en
Tuwon dawa,food_and_cuisine,dish,wikidata,en
Sesame soup,food_and_cuisine,dish,wikidata,en
Fura da nono (millet and milk),food_and_cuisine,dish,wikidata,en
Yam porridge,food_and_cuisine,dish,wikidata,en
Apapa ( Beans Loaf ),food_and_cuisine,dish,wikidata,en
Fried yam(Dundun),food_and_cuisine,dish,wikidata,en
Lamba,food_and_cuisine,dish,wikidata,en
Okazi soup,food_and_cuisine,dish,wikidata,en
Afia Efere,food_and_cuisine,dish,wikidata,en
Potato fufu,food_and_cuisine,dish,wikidata,en
Aadun (Nigerian Corn Flour with Palm Oil),food_and_cuisine,dish,wikidata,en
Abak Soup,food_and_cuisine,dish,wikidata,en
Obo Ẹgwa,food_and_cuisine,dish,wikidata,en
Onunu,food_and_cuisine,dish,wikidata,en
Pate acha,food_and_cuisine,dish,wikidata,en
goat meat pepper soup,food_and_cuisine,dish,wikidata,en
akassa,food_and_cuisine,dish,wikidata,en
Ewa Agoyin,food_and_cuisine,dish,wikidata,en
Bole,food_and_cuisine,dish,wikidata,en
Bitter leaf soup,food_and_cuisine,dish,wikidata,en
Margi special,food_and_cuisine,dish,wikidata,en
Asaro,food_and_cuisine,dish,wikidata,en
Boli,food_and_cuisine,dish,wikidata,en
Kokoro,food_and_cuisine,dish,wikidata,en
Atama soup,food_and_cuisine,dish,wikidata,en
African breadfruit,food_and_cuisine,dish,wikidata,en
Owo soup,food_and_cuisine,dish,wikidata,en
miyan zogale,food_and_cuisine,dish,wikidata,en
Ewedu soup,food_and_cuisine,dish,wikidata,en
Miyan Geda,food_and_cuisine,dish,wikidata,en
Asun,food_and_cuisine,dish,wikidata,en
catfish pepper soup,food_and_cuisine,dish,wikidata,en
Peppered snail,food_and_cuisine,dish,wikidata,en
Yaji spice,food_and_cuisine,dish,wikidata,en
Alkaki,food_and_cuisine,dish,wikidata,en
fura,food_and_cuisine,dish,wikidata,en
concoction rice,food_and_cuisine,dish,wikidata,en
Okpa,food_and_cuisine,dish,wikidata,en
dambun shinkafa,food_and_cuisine,dish,wikidata,en
Miyar zogale,food_and_cuisine,dish,wikidata,en
Pawpaw soup,food_and_cuisine,dish,wikidata,en
Wheat and ewedu soup,food_and_cuisine,dish,wikidata,en
Meat peppersoup,food_and_cuisine,dish,wikidata,en
rice and stew with cowskin,food_and_cuisine,dish,wikidata,en
Edo black soup,food_and_cuisine,dish,wikidata,en
Ofe Achara,food_and_cuisine,dish,wikidata,en
Ukazi soup,food_and_cuisine,dish,wikidata,en
Aadun,food_and_cuisine,dish,wikidata,en
Egbo,food_and_cuisine,dish,wikidata,en
Gurasa,food_and_cuisine,dish,wikidata,en
plantain mosa,food_and_cuisine,dish,wikidata,en
Kekefia,food_and_cuisine,dish,wikidata,en
Otong soup,food_and_cuisine,dish,wikidata,en
Abula,food_and_cuisine,dish,wikidata,en
Okpehe Rice,food_and_cuisine,dish,wikidata,en
Obe ata,food_and_cuisine,dish,wikidata,en
Ofe ogbolor,food_and_cuisine,dish,wikidata,en
Ofe Ujuju (Anima),food_and_cuisine,dish,wikidata,en
Ila Alasepo,food_and_cuisine,dish,wikidata,en
Denderu,food_and_cuisine,dish,wikidata,en
Rivers state native soup,food_and_cuisine,dish,wikidata,en
Gala sausage roll,food_and_cuisine,dish,wikidata,en
Semovita,food_and_cuisine,dish,wikidata,en
Burukutu,food_and_cuisine,dish,wikidata,en
Iyan,food_and_cuisine,dish,wikidata,en
Editan,food_and_cuisine,dish,wikidata,en
Chin chin,food_and_cuisine,dish,wikidata,en
draw soup,food_and_cuisine,dish,wikidata,en
frejon,food_and_cuisine,dish,wikidata,en
ogbono soup,food_and_cuisine,dish,wikidata,en
jollof rice,food_and_cuisine,dish,wikidata,en
pounded yam,food_and_cuisine,dish,wikidata,en
Yam and Spicy Egg Sauce,food_and_cuisine,dish,wikidata,en
Ayaraya Oka,food_and_cuisine,dish,wikidata,en
Omebe,food_and_cuisine,dish,wikidata,en
White Amala,food_and_cuisine,dish,wikidata,en
Ikọkọrẹ,food_and_cuisine,dish,wikidata,en
Dawanke,food_and_cuisine,dish,wikidata,en
Asun-iṣu,food_and_cuisine,dish,wikidata,en
Elubọ Ẹbẹ,food_and_cuisine,dish,wikidata,en
Ọjọjọ,food_and_cuisine,dish,wikidata,en
Lafun,food_and_cuisine,dish,wikidata,en
Bẹju,food_and_cuisine,dish,wikidata,en
Iṣapa,food_and_cuisine,dish,wikidata,en
Plantain Fufu,food_and_cuisine,dish,wikidata,en
Emeka Udemba,family_and_kinship,person_name,wikidata,en
Ndidi Dike,family_and_kinship,person_name,wikidata,en
Charles Newuche,family_and_kinship,person_name,wikidata,en
Christopher Osakwe,family_and_kinship,person_name,wikidata,en
Adaeze Yobo,family_and_kinship,person_name,wikidata,en
Adim Williams,family_and_kinship,person_name,wikidata,en
Adolphus Ofodile,family_and_kinship,person_name,wikidata,en
Adolphus Wabara,family_and_kinship,person_name,wikidata,en
Albert Okonkwo,family_and_kinship,person_name,wikidata,en
Allison Madueke,family_and_kinship,person_name,wikidata,en
Amadi Ikwechegh,family_and_kinship,person_name,wikidata,en
Amarachi Obiajunwa,family_and_kinship,person_name,wikidata,en
Anthony E. Oguguo,family_and_kinship,person_name,wikidata,en
Anthony Obi,family_and_kinship,person_name,wikidata,en
Anthony Onyearugbulem,family_and_kinship,person_name,wikidata,en
Anya Oko Anya,family_and_kinship,person_name,wikidata,en
Anyim Pius Anyim,family_and_kinship,person_name,wikidata,en
Anyimchukwu Ude,family_and_kinship,person_name,wikidata,en
Ifeanyi Okowa,family_and_kinship,person_name,wikidata,en
Ayogu Eze,family_and_kinship,person_name,wikidata,en
Ben Enwonwu,family_and_kinship,person_name,wikidata,en
Bianca Odumegwu-Ojukwu,family_and_kinship,person_name,wikidata,en
Bob Nwannunu,family_and_kinship,person_name,wikidata,en
Boniface Okafor,family_and_kinship,person_name,wikidata,en
Catherine Obianuju Acholonu,family_and_kinship,person_name,wikidata,en
Charles A. Adeogun-Phillips,family_and_kinship,person_name,wikidata,en
Charles Chinedu Okeahalam,family_and_kinship,person_name,wikidata,en
Charles Okonkwo,family_and_kinship,person_name,wikidata,en
Charles Ugwuh,family_and_kinship,person_name,wikidata,en
Charly Boy,family_and_kinship,person_name,wikidata,en
Chibudom Nwuche,family_and_kinship,person_name,wikidata,en
Chibuike Okeke,family_and_kinship,person_name,wikidata,en
Chibuzor Chilaka,family_and_kinship,person_name,wikidata,en
Chico Ejiro,family_and_kinship,person_name,wikidata,en
Chidi Edeh,family_and_kinship,person_name,wikidata,en
Chidi Kwubiri,family_and_kinship,person_name,wikidata,en
Chidi Omeje,family_and_kinship,person_name,wikidata,en
Chief Stephen Osita Osadebe,family_and_kinship,person_name,wikidata,en
Chigozie Christopher,family_and_kinship,person_name,wikidata,en
Chijioke Ejiogu,family_and_kinship,person_name,wikidata,en
Chika Ike,family_and_kinship,person_name,wikidata,en
Chika Okeke-Agulu,family_and_kinship,person_name,wikidata,en
Chika Wali,family_and_kinship,person_name,wikidata,en
Chikadibia Isaac Obiakor,family_and_kinship,person_name,wikidata,en
Chike Aniakor,family_and_kinship,person_name,wikidata,en
Chike Nwoffiah,family_and_kinship,person_name,wikidata,en
Chike Obi,family_and_kinship,person_name,wikidata,en
Chikelue Iloenyosi,family_and_kinship,person_name,wikidata,en
Chima Okorie,family_and_kinship,person_name,wikidata,en
Chimezie Ikeazor,family_and_kinship,person_name,wikidata,en
Chinaza Amadi,family_and_kinship,person_name,wikidata,en
Chinedu Ezimora,family_and_kinship,person_name,wikidata,en
Chinedu Ikedieze,family_and_kinship,person_name,wikidata,en
Chinedu Odozor-Onikeku,family_and_kinship,person_name,wikidata,en
Chinonye Ohadugha,family_and_kinship,person_name,wikidata,en
Chinwe Chukwuogo-Roy,family_and_kinship,person_name,wikidata,en
Chinwe Obaji,family_and_kinship,person_name,wikidata,en
Chinweizu Ibekwe,family_and_kinship,person_name,wikidata,en
Chinwoke Mbadinuju,family_and_kinship,person_name,wikidata,en
Chinyere Ike Nwosu,family_and_kinship,person_name,wikidata,en
Chioma Chukwuka Akpotha,family_and_kinship,person_name,wikidata,en
Chiwetalu Agu,family_and_kinship,person_name,wikidata,en
Chris Okoh,family_and_kinship,person_name,wikidata,en
Christian Okoye,family_and_kinship,person_name,wikidata,en
Christian Onoh,family_and_kinship,person_name,wikidata,en
Christopher Okojie,family_and_kinship,person_name,wikidata,en
Christopher Osondu,family_and_kinship,person_name,wikidata,en
Christy Essien-Igbokwe,family_and_kinship,person_name,wikidata,en
Christy Udoh,family_and_kinship,person_name,wikidata,en
Chuk Iwuji,family_and_kinship,person_name,wikidata,en
Chukwuemeka Chikelu,family_and_kinship,person_name,wikidata,en
Chukwuemeka Ezeife,family_and_kinship,person_name,wikidata,en
Chukwuemeka Ngozichineke Wogu,family_and_kinship,person_name,wikidata,en
Chukwuemeka Onyemachi,family_and_kinship,person_name,wikidata,en
Emeka Ihedioha,family_and_kinship,person_name,wikidata,en
Churchill Odia,family_and_kinship,person_name,wikidata,en
Churchill Oliseh,family_and_kinship,person_name,wikidata,en
Digger Okonkwo,family_and_kinship,person_name,wikidata,en
Emeka Ifejiagwa,family_and_kinship,person_name,wikidata,en
Emeka Nwajiobi,family_and_kinship,person_name,wikidata,en
Emeka Obidile,family_and_kinship,person_name,wikidata,en
Emmanuel Nnamdi Uba,family_and_kinship,person_name,wikidata,en
Emmanuel Ukaegbu,family_and_kinship,person_name,wikidata,en
Eni Njoku,family_and_kinship,person_name,wikidata,en
Evan Enwerem,family_and_kinship,person_name,wikidata,en
Felix Ibru,family_and_kinship,person_name,wikidata,en
Frank Ogbuewu,family_and_kinship,person_name,wikidata,en
Gregory Agboneni,family_and_kinship,person_name,wikidata,en
Obie Etie Ikechukwu,family_and_kinship,person_name,wikidata,en
Herbert Eze,family_and_kinship,person_name,wikidata,en
Hope Uzodimma,family_and_kinship,person_name,wikidata,en
Oliver Ogbonnaya,family_and_kinship,person_name,wikidata,en
Christian Aniche Izuchukwu,family_and_kinship,person_name,wikidata,en
James N.J. Aneke,family_and_kinship,person_name,wikidata,en
Jim Ifeanyichukwu Nwobodo,family_and_kinship,person_name,wikidata,en
Margaret Ekpo,family_and_kinship,person_name,wikidata,en
Charles Nwaogu,family_and_kinship,person_name,wikidata,en
Charles Onyeama,family_and_kinship,person_name,wikidata,en
Charles Uzor,family_and_kinship,person_name,wikidata,en
Chima,family_and_kinship,person_name,wikidata,en
Nnamdi Azikiwe,family_and_kinship,person_name,wikidata,en
Chibuzor Nwogbo,family_and_kinship,person_name,wikidata,en
Chika Chukwumerije,family_and_kinship,person_name,wikidata,en
Chris Abani,family_and_kinship,person_name,wikidata,en
Christian Okpala,family_and_kinship,person_name,wikidata,en
Obinna Eregbu,family_and_kinship,person_name,wikidata,en
Elechi Amadi,family_and_kinship,person_name,wikidata,en
Onyekachi Okonkwo,family_and_kinship,person_name,wikidata,en
Emeka Opara,family_and_kinship,person_name,wikidata,en
Nduka Odizor,family_and_kinship,person_name,wikidata,en
Paul Dike,family_and_kinship,person_name,wikidata,en
Fortunatus Nwachukwu,family_and_kinship,person_name,wikidata,en
Michael Ugwu Eneja,family_and_kinship,person_name,wikidata,en
Helen Ukaonu,family_and_kinship,person_name,wikidata,en
Ndubuisi Egbo,family_and_kinship,person_name,wikidata,en
Obiageli Olorunsola,family_and_kinship,person_name,wikidata,en
Nwankwo Obiora,family_and_kinship,person_name,wikidata,en
Chris Anyanwu,family_and_kinship,person_name,wikidata,en
Alex Ifeanyichukwu Ekwueme,family_and_kinship,person_name,wikidata,en
Rita Dominic,family_and_kinship,person_name,wikidata,en
Nduka Ugbade,family_and_kinship,person_name,wikidata,en
Chimamanda Ngozi Adichie,family_and_kinship,person_name,wikidata,en
Chibuzor Okonkwo,family_and_kinship,person_name,wikidata,en
Newton Aduaka,family_and_kinship,person_name,wikidata,en
Chucks Nwoko,family_and_kinship,person_name,wikidata,en
Christopher Kanu,family_and_kinship,person_name,wikidata,en
Obiora Odita,family_and_kinship,person_name,wikidata,en
Chukwunonso Onwuekelu,family_and_kinship,person_name,wikidata,en
Chukwuma Akabueze,family_and_kinship,person_name,wikidata,en
Nduka Awazie,family_and_kinship,person_name,wikidata,en
Emeka Ezeugo,family_and_kinship,person_name,wikidata,en
Chinemelu Elonu,family_and_kinship,person_name,wikidata,en
Obinna Metu,family_and_kinship,person_name,wikidata,en
Ngozi Okonjo-Iweala,family_and_kinship,person_name,wikidata,en
Chamberlain Oguchi,family_and_kinship,person_name,wikidata,en
Chinedu Obasi,family_and_kinship,person_name,wikidata,en
Chidi Onyemah,family_and_kinship,person_name,wikidata,en
Chima Ugwu,family_and_kinship,person_name,wikidata,en
Chinedu Oriala,family_and_kinship,person_name,wikidata,en
Christian Chukwu,family_and_kinship,person_name,wikidata,en
Christian Muomaife,family_and_kinship,person_name,wikidata,en
Chukwudiebere Maduabum,family_and_kinship,person_name,wikidata,en
Ifi Amadiume,family_and_kinship,person_name,wikidata,en
Jaja of Opobo,family_and_kinship,person_name,wikidata,en
Ken Saro-Wiwa,family_and_kinship,person_name,wikidata,en
Chigozie Agbim,family_and_kinship,person_name,wikidata,en
Chidi Odiah,family_and_kinship,person_name,wikidata,en
Joy Ogwu,family_and_kinship,person_name,wikidata,en
Ojo Maduekwe,family_and_kinship,person_name,wikidata,en
Onyekachi Nwoha,family_and_kinship,person_name,wikidata,en
Ike Omar Sanda Nwachukwu,family_and_kinship,person_name,wikidata,en
Christopher Okigbo,family_and_kinship,person_name,wikidata,en
Nkem Owoh,family_and_kinship,person_name,wikidata,en
Achike Udenwa,family_and_kinship,person_name,wikidata,en
Chimaroke Nnamani,family_and_kinship,person_name,wikidata,en
Chinenye Akinlade,family_and_kinship,person_name,wikidata,en
Chris Nwabueze Ngige,family_and_kinship,person_name,wikidata,en
Ebitu Ukiwe,family_and_kinship,person_name,wikidata,en
Ikedi Ohakim,family_and_kinship,person_name,wikidata,en
Martin Elechi,family_and_kinship,person_name,wikidata,en
Peter Obi,family_and_kinship,person_name,wikidata,en
Sam Egwu,family_and_kinship,person_name,wikidata,en
Sullivan Chime,family_and_kinship,person_name,wikidata,en
Theodore Ahamefule Orji,family_and_kinship,person_name,wikidata,en
Virginia Etiaba,family_and_kinship,person_name,wikidata,en
Adolphus Opara,family_and_kinship,person_name,wikidata,en
Amarachi Okafor,family_and_kinship,person_name,wikidata,en
Chinedu Obi,family_and_kinship,person_name,wikidata,en
Christian Obi,family_and_kinship,person_name,wikidata,en
Emeka Erege,family_and_kinship,person_name,wikidata,en
Emeka Jude Ugali,family_and_kinship,person_name,wikidata,en
Emeka Ogboh,family_and_kinship,person_name,wikidata,en
Johnson Aguiyi-Ironsi,family_and_kinship,person_name,wikidata,en
Chukwuemeka Odumegwu Ojukwu,family_and_kinship,person_name,wikidata,en
Chikeluba Ofoedu,family_and_kinship,person_name,wikidata,en
Christian Obodo,family_and_kinship,person_name,wikidata,en
Dora Akunyili,family_and_kinship,person_name,wikidata,en
Stephanie Okereke,family_and_kinship,person_name,wikidata,en
Jaja Wachuku,family_and_kinship,person_name,wikidata,en
Nduka Ozokwo,family_and_kinship,person_name,wikidata,en
Onyekachi Apam,family_and_kinship,person_name,wikidata,en
Chidi Nwanu,family_and_kinship,person_name,wikidata,en
Jay-Jay Okocha,family_and_kinship,person_name,wikidata,en
Obinna Nwaneri,family_and_kinship,person_name,wikidata,en
Jude Thaddeus Okolo,family_and_kinship,person_name,wikidata,en
Obinna Ekezie,family_and_kinship,person_name,wikidata,en
Nduka Usim,family_and_kinship,person_name,wikidata,en
Orji Uzor Kalu,family_and_kinship,person_name,wikidata,en
Obi Ikechukwu Charles,family_and_kinship,person_name,wikidata,en
Chidi Imoh,family_and_kinship,person_name,wikidata,en
Cyprian Ekwensi,family_and_kinship,person_name,wikidata,en
Emeka Anyaoku,family_and_kinship,person_name,wikidata,en
Chierika Ukogu,family_and_kinship,person_name,wikidata,en
Mr Raw,family_and_kinship,person_name,wikidata,en
Amarachi,family_and_kinship,person_name,wikidata,en
Ngozi Olejeme,family_and_kinship,person_name,wikidata,en
Sylvia Oluchi,family_and_kinship,person_name,wikidata,en
Chelsea Eze,family_and_kinship,person_name,wikidata,en
Chukwuedu Nwokolo,family_and_kinship,person_name,wikidata,en
Chika Amalaha,family_and_kinship,person_name,wikidata,en
Anna Banner,family_and_kinship,person_name,wikidata,en
Chidi Mokeme,family_and_kinship,person_name,wikidata,en
Ngozi Ezeonu,family_and_kinship,person_name,wikidata,en
Charles Novia,family_and_kinship,person_name,wikidata,en
Amaka Igwe,family_and_kinship,person_name,wikidata,en
Emeka Ike,family_and_kinship,person_name,wikidata,en
Bob-Manuel Udokwu,family_and_kinship,person_name,wikidata,en
Obi Emelonye,family_and_kinship,person_name,wikidata,en
Charity Ogbenyealu Adule,family_and_kinship,person_name,wikidata,en
Nkechi Opara,family_and_kinship,person_name,wikidata,en
Obioma Okoli,family_and_kinship,person_name,wikidata,en
Ndidi Winifred,family_and_kinship,person_name,wikidata,en
Bhaira Mcwizu,family_and_kinship,person_name,wikidata,en
Ann-Kio Briggs,family_and_kinship,person_name,wikidata,en
Azubuike Ihejirika,family_and_kinship,person_name,wikidata,en
Ebele Ofunneamaka Okeke,family_and_kinship,person_name,wikidata,en
Ifeoma Okoye,family_and_kinship,person_name,wikidata,en
Afro Candy,family_and_kinship,person_name,wikidata,en
Chika Okpala,family_and_kinship,person_name,wikidata,en
Chimezie Mbah,family_and_kinship,person_name,wikidata,en
Ndidi Okonkwo Nwuneli,family_and_kinship,person_name,wikidata,en
Wilfred Ndidi,family_and_kinship,person_name,wikidata,en
Willie Obiano,family_and_kinship,person_name,wikidata,en
Ejikeme Ikwunze,family_and_kinship,person_name,wikidata,en
Victor Okezie Ikpeazu,family_and_kinship,person_name,wikidata,en
Chukuemeka Okeke Ifeagwu,family_and_kinship,person_name,wikidata,en
Ngozi Okobi-Okeoghene,family_and_kinship,person_name,wikidata,en
Chisom Chikatara,family_and_kinship,person_name,wikidata,en
Ngozi Ebere,family_and_kinship,person_name,wikidata,en
Chris Ogiemwonyi,family_and_kinship,person_name,wikidata,en
Martina Ohadugha,family_and_kinship,person_name,wikidata,en
Chris Okey Ezike,family_and_kinship,person_name,wikidata,en
Uche Eze,family_and_kinship,person_name,wikidata,en
Kcee,family_and_kinship,person_name,wikidata,en
Chimezie Onwuzulike,family_and_kinship,person_name,wikidata,en
Olaka Nwogu,family_and_kinship,person_name,wikidata,en
Adaora Onyechere,family_and_kinship,person_name,wikidata,en
Amaka Ogoegbunam,family_and_kinship,person_name,wikidata,en
Ngozi Onwumere,family_and_kinship,person_name,wikidata,en
David Nweze Umahi,family_and_kinship,person_name,wikidata,en
Ifeanyi Ugwuanyi,family_and_kinship,person_name,wikidata,en
Chukwuma Azikiwe,family_and_kinship,person_name,wikidata,en
Yul Edochie,family_and_kinship,person_name,wikidata,en
Chukwuemeka Woke,family_and_kinship,person_name,wikidata,en
Chris Okafor,family_and_kinship,person_name,wikidata,en
Flora Azikiwe,family_and_kinship,person_name,wikidata,en
Chiedu Osakwe,family_and_kinship,person_name,wikidata,en
Onyekachi Hope Ugwuadu,family_and_kinship,person_name,wikidata,en
Chinwendu Ihezuo,family_and_kinship,person_name,wikidata,en
Chukwudi Olisakwe,family_and_kinship,person_name,wikidata,en
Chuma Nwokolo,family_and_kinship,person_name,wikidata,en
Chukwuemeka Ujam,family_and_kinship,person_name,wikidata,en
Cecilia Omaile Ojabo,family_and_kinship,person_name,wikidata,en
Charity Angya,family_and_kinship,person_name,wikidata,en
Uche Ekwunife,family_and_kinship,person_name,wikidata,en
Chidozie Awaziem,family_and_kinship,person_name,wikidata,en
Matilda Obaseki,family_and_kinship,person_name,wikidata,en
Jude Akuwudike,family_and_kinship,person_name,wikidata,en
Chika Oduah,family_and_kinship,person_name,wikidata,en
Chigozie Emmanuel Mbah,family_and_kinship,person_name,wikidata,en
Chika Anadu,family_and_kinship,person_name,wikidata,en
Ogechukwukanma Ogwo,family_and_kinship,person_name,wikidata,en
Chinyere Igwe,family_and_kinship,person_name,wikidata,en
Chido Onumah,family_and_kinship,person_name,wikidata,en
Nkechi Egbe,family_and_kinship,person_name,wikidata,en
Nkiru Okosieme,family_and_kinship,person_name,wikidata,en
Chima Nwosu,family_and_kinship,person_name,wikidata,en
Christopher Udeh,family_and_kinship,person_name,wikidata,en
J Martins,family_and_kinship,person_name,wikidata,en
Okey Bakassi,family_and_kinship,person_name,wikidata,en
Ejike Asiegbu,family_and_kinship,person_name,wikidata,en
Obinna Okafor,family_and_kinship,person_name,wikidata,en
Emeka Emerun,family_and_kinship,person_name,wikidata,en
Kelechi Udegbe,family_and_kinship,person_name,wikidata,en
Chigozie Atuanya,family_and_kinship,person_name,wikidata,en
Ruth Kadiri,family_and_kinship,person_name,wikidata,en
Nwanneka Okwelogu,family_and_kinship,person_name,wikidata,en
Ndave David Njoku,family_and_kinship,person_name,wikidata,en
Ijeoma Grace Agu,family_and_kinship,person_name,wikidata,en
Kenneth Uwadi,family_and_kinship,person_name,wikidata,en
Regina Daniels,family_and_kinship,person_name,wikidata,en
Obinna Nwobodo,family_and_kinship,person_name,wikidata,en
Christy Obekpa,family_and_kinship,person_name,wikidata,en
Ezinne Akudo,family_and_kinship,person_name,wikidata,en
Onyeka Azike,family_and_kinship,person_name,wikidata,en
Onyinye Chikezie,family_and_kinship,person_name,wikidata,en
Chioma Omeruah,family_and_kinship,person_name,wikidata,en
Nkiru Njoku,family_and_kinship,person_name,wikidata,en
Chineze Anyaene,family_and_kinship,person_name,wikidata,en
Onyeka Onwenu,family_and_kinship,person_name,wikidata,en
Muna,family_and_kinship,person_name,wikidata,en
Ndubisi Chukunyere,family_and_kinship,person_name,wikidata,en
Mbachu Uchenna Emenike,family_and_kinship,person_name,wikidata,en
Onyekachukwu Aloso,family_and_kinship,person_name,wikidata,en
Ndukaku Alison,family_and_kinship,person_name,wikidata,en
James O. C. Ezeilo,family_and_kinship,person_name,wikidata,en
Christopher Nwankwo,family_and_kinship,person_name,wikidata,en
Joe Kalu-Igboama,family_and_kinship,person_name,wikidata,en
Ndubuisi Kanu,family_and_kinship,person_name,wikidata,en
Rochas Okorocha,family_and_kinship,person_name,wikidata,en
Unoma Nguemo Azuah,family_and_kinship,person_name,wikidata,en
Emeka Eze,family_and_kinship,person_name,wikidata,en
Augustine Aniebo,family_and_kinship,person_name,wikidata,en
Ogbonnaya Onu,family_and_kinship,person_name,wikidata,en
Chineze Nwagbo,family_and_kinship,person_name,wikidata,en
Chris Obekpa,family_and_kinship,person_name,wikidata,en
Chi-Chi Igbo,family_and_kinship,person_name,wikidata,en
Ndidi Kanu,family_and_kinship,person_name,wikidata,en
Chukwudi Chukwuma,family_and_kinship,person_name,wikidata,en
Ngozi Onwurah,family_and_kinship,person_name,wikidata,en
Ini Edo,family_and_kinship,person_name,wikidata,en
Kelechi Iheanacho,family_and_kinship,person_name,wikidata,en
Vivica Rayy,family_and_kinship,person_name,wikidata,en
Obi Wali,family_and_kinship,person_name,wikidata,en
Joseph Achuzie,family_and_kinship,person_name,wikidata,en
Chuku Wachuku,family_and_kinship,person_name,wikidata,en
A-Q,family_and_kinship,person_name,wikidata,en
Judith Amaechi,family_and_kinship,person_name,wikidata,en
Nwabueze Nwokolo,family_and_kinship,person_name,wikidata,en
John Okafor,family_and_kinship,person_name,wikidata,en
Chidinma Ekile,family_and_kinship,person_name,wikidata,en
Clem Ohameze,family_and_kinship,person_name,wikidata,en
Chibuzor Obasi,family_and_kinship,person_name,wikidata,en
Chioma Toplis,family_and_kinship,person_name,wikidata,en
Blossom Nnodim,family_and_kinship,person_name,wikidata,en
Bovi,family_and_kinship,person_name,wikidata,en
Chioma Okoye,family_and_kinship,person_name,wikidata,en
Amaka Osakwe,family_and_kinship,person_name,wikidata,en
Obisia Nwankpa,family_and_kinship,person_name,wikidata,en
Christian Obiozor,family_and_kinship,person_name,wikidata,en
Chibundu Onuzo,family_and_kinship,person_name,wikidata,en
Chidi Osuchukwu,family_and_kinship,person_name,wikidata,en
Chidiebere Nwakali,family_and_kinship,person_name,wikidata,en
Nwogu Chukwudi,family_and_kinship,person_name,wikidata,en
Chidera Ezeh,family_and_kinship,person_name,wikidata,en
Belinda Effah,family_and_kinship,person_name,wikidata,en
Chris Nkulor,family_and_kinship,person_name,wikidata,en
Christopher Chizoba,family_and_kinship,person_name,wikidata,en
Charles Ayo,family_and_kinship,person_name,wikidata,en
Sam Mbakwe,family_and_kinship,person_name,wikidata,en
Joseph Orji,family_and_kinship,person_name,wikidata,en
Josephine Anenih,family_and_kinship,person_name,wikidata,en
Kate Henshaw,family_and_kinship,person_name,wikidata,en
Kenneth Onwuka Dike,family_and_kinship,person_name,wikidata,en
Luke Chijiuba Ochulor,family_and_kinship,person_name,wikidata,en
Lynda Chuba-Ikpeazu,family_and_kinship,person_name,wikidata,en
Mike Ezuruonye,family_and_kinship,person_name,wikidata,en
Mike Mbama Okiro,family_and_kinship,person_name,wikidata,en
Minah Bird,family_and_kinship,person_name,wikidata,en
Ndubuisi Eze,family_and_kinship,person_name,wikidata,en
Ndubuisi Okosieme,family_and_kinship,person_name,wikidata,en
Ngozi Monu,family_and_kinship,person_name,wikidata,en
Nkemdilim Izuako,family_and_kinship,person_name,wikidata,en
Nwachukwu Uti,family_and_kinship,person_name,wikidata,en
Nwafor Orizu,family_and_kinship,person_name,wikidata,en
O. C. Ukeje,family_and_kinship,person_name,wikidata,en
Obi Emmanuel Moneke,family_and_kinship,person_name,wikidata,en
Obiageli Katryn Ezekwesili,family_and_kinship,person_name,wikidata,en
Obinna Charles Okwelume,family_and_kinship,person_name,wikidata,en
Obinna Nwachukwu,family_and_kinship,person_name,wikidata,en
Obiora Udechukwu,family_and_kinship,person_name,wikidata,en
Obiwon,family_and_kinship,person_name,wikidata,en
Ogbonna Okechukwu Onovo,family_and_kinship,person_name,wikidata,en
Okwesilieze Nwodo,family_and_kinship,person_name,wikidata,en
Oliver De Coque,family_and_kinship,person_name,wikidata,en
Onyeabor Ngwogu,family_and_kinship,person_name,wikidata,en
Onyebuchi Chukwu,family_and_kinship,person_name,wikidata,en
Onyeka Ibe,family_and_kinship,person_name,wikidata,en
Onyeka Nwelue,family_and_kinship,person_name,wikidata,en
Osita Iheme,family_and_kinship,person_name,wikidata,en
Peter Ogar,family_and_kinship,person_name,wikidata,en
Robert Akonobi,family_and_kinship,person_name,wikidata,en
Samson Omeruah,family_and_kinship,person_name,wikidata,en
Sebastian Okechukwu Mezu,family_and_kinship,person_name,wikidata,en
Stephen Chukwumah,family_and_kinship,person_name,wikidata,en
Thomas Aguiyi-Ironsi,family_and_kinship,person_name,wikidata,en
Tochukwu Oluehi,family_and_kinship,person_name,wikidata,en
Victor Ozodinobi,family_and_kinship,person_name,wikidata,en
Zack Orji,family_and_kinship,person_name,wikidata,en
Charles Nwokolo,family_and_kinship,person_name,wikidata,en
Chidozie Johnson,family_and_kinship,person_name,wikidata,en
Obi Emegano,family_and_kinship,person_name,wikidata,en
Chimezie Metu,family_and_kinship,person_name,wikidata,en
Ndubuisi Ekekwe,family_and_kinship,person_name,wikidata,en
Ndidi Madu,family_and_kinship,person_name,wikidata,en
Chike,family_and_kinship,person_name,wikidata,en
Somkele Iyamah,family_and_kinship,person_name,wikidata,en
Chinelo Anohu-Amazu,family_and_kinship,person_name,wikidata,en
Nancy Isime,family_and_kinship,person_name,wikidata,en
Christy Ohiaeriaku,family_and_kinship,person_name,wikidata,en
Adanna Nwaneri,family_and_kinship,person_name,wikidata,en
Adaku Okoroafor,family_and_kinship,person_name,wikidata,en
Ngozi Ezeocha,family_and_kinship,person_name,wikidata,en
Nkechi Mbilitam,family_and_kinship,person_name,wikidata,en
June Eric-Udorie,family_and_kinship,person_name,wikidata,en
Chicmah Obodo,family_and_kinship,person_name,wikidata,en
Adaoha Ugo-Ngadi,family_and_kinship,person_name,wikidata,en
Chinyere Kalu,family_and_kinship,person_name,wikidata,en
Amaechi Muonagor,family_and_kinship,person_name,wikidata,en
Chinedum Iregbu,family_and_kinship,person_name,wikidata,en
Ebele Okaro,family_and_kinship,person_name,wikidata,en
Tony Nwoye,family_and_kinship,person_name,wikidata,en
Nkeiruka Onyejeocha,family_and_kinship,person_name,wikidata,en
Rachael Okonkwo,family_and_kinship,person_name,wikidata,en
Chima Akas,family_and_kinship,person_name,wikidata,en
Emeka Friday Eze,family_and_kinship,person_name,wikidata,en
Nwando Achebe,family_and_kinship,person_name,wikidata,en
Raph Uwechue,family_and_kinship,person_name,wikidata,en
Chris Okolie,family_and_kinship,person_name,wikidata,en
Obinna Chidoka,family_and_kinship,person_name,wikidata,en
Obiora Aniche,family_and_kinship,person_name,wikidata,en
Chime Oji,family_and_kinship,person_name,wikidata,en
Chinda Ogundu,family_and_kinship,person_name,wikidata,en
Chukwuemeka Anohu,family_and_kinship,person_name,wikidata,en
Chukwuka Onyema,family_and_kinship,person_name,wikidata,en
Chukwukere Austine,family_and_kinship,person_name,wikidata,en
Chukwuma Nwazunku,family_and_kinship,person_name,wikidata,en
Darlington Nwokocha,family_and_kinship,person_name,wikidata,en
Emeka Idu,family_and_kinship,person_name,wikidata,en
Nkem Uzoma,family_and_kinship,person_name,wikidata,en
Nwokolo Victor,family_and_kinship,person_name,wikidata,en
Chioma Wogu,family_and_kinship,person_name,wikidata,en
Chidera Ejuke,family_and_kinship,person_name,wikidata,en
Ndidi Ngwuluka,family_and_kinship,person_name,wikidata,en
Daddy Fresh,family_and_kinship,person_name,wikidata,en
Ngozi Nwokocha,family_and_kinship,person_name,wikidata,en
Alexander Nwora,family_and_kinship,person_name,wikidata,en
Chioma Udeaja,family_and_kinship,person_name,wikidata,en
Nkechi Akashili,family_and_kinship,person_name,wikidata,en
Emeka Umeh,family_and_kinship,person_name,wikidata,en
Sandra Ezekwesili,family_and_kinship,person_name,wikidata,en
Mercy Chinwo-Blessed,family_and_kinship,person_name,wikidata,en
Ime Bishop Umoh,family_and_kinship,person_name,wikidata,en
Ada Osakwe,family_and_kinship,person_name,wikidata,en
Akachi Ezeigbo,family_and_kinship,person_name,wikidata,en
Onyekachi Okafor,family_and_kinship,person_name,wikidata,en
Paschaline Alex Okoli,family_and_kinship,person_name,wikidata,en
Bartho Okolo,family_and_kinship,person_name,wikidata,en
Christian Ohiri,family_and_kinship,person_name,wikidata,en
Benjamin Chukwuma Ozumba,family_and_kinship,person_name,wikidata,en
Osita Nebo,family_and_kinship,person_name,wikidata,en
Christopher Okonkwo,family_and_kinship,person_name,wikidata,en
Chris Ihidero,family_and_kinship,person_name,wikidata,en
Obinna Onwujekwe,family_and_kinship,person_name,wikidata,en
Herbert C. Kodilinye,family_and_kinship,person_name,wikidata,en
Chinedu Udoji,family_and_kinship,person_name,wikidata,en
Emeka Ogbugh,family_and_kinship,person_name,wikidata,en
Chinazum Nwosu,family_and_kinship,person_name,wikidata,en
Chizzy Alichi,family_and_kinship,person_name,wikidata,en
Akwaeke Emezi,family_and_kinship,person_name,wikidata,en
Chigozie C. Asiabaka,family_and_kinship,person_name,wikidata,en
Sharon Ezeamaka,family_and_kinship,person_name,wikidata,en
Uzoamaka Aniunoh,family_and_kinship,person_name,wikidata,en
Chike Frankie Edozien,family_and_kinship,person_name,wikidata,en
Emeka Okenwa,family_and_kinship,person_name,wikidata,en
Amarachi Okoronkwo,family_and_kinship,person_name,wikidata,en
Charity Reuben,family_and_kinship,person_name,wikidata,en
Ijeoma Umebinyuo,family_and_kinship,person_name,wikidata,en
Victoria Adaobi Obasi,family_and_kinship,person_name,wikidata,en
Chukwuma Okorafor,family_and_kinship,person_name,wikidata,en
Cosmas Maduka,family_and_kinship,person_name,wikidata,en
Chinweoke Chikwelu,family_and_kinship,person_name,wikidata,en
Emeka Sibeudu,family_and_kinship,person_name,wikidata,en
Chinwe Nwogo Ezeani,family_and_kinship,person_name,wikidata,en
Lota Chukwu,family_and_kinship,person_name,wikidata,en
Chy Nwakanma,family_and_kinship,person_name,wikidata,en
Ngozi Nwosu,family_and_kinship,person_name,wikidata,en
Etinosa Idemudia,family_and_kinship,person_name,wikidata,en
Sonny Chu Okongwu,family_and_kinship,person_name,wikidata,en
Chuks Angel,family_and_kinship,person_name,wikidata,en
Christian Ezike,family_and_kinship,person_name,wikidata,en
Tobechukwu Victor Okoh,family_and_kinship,person_name,wikidata,en
Mr Real,family_and_kinship,person_name,wikidata,en
Obi Enechionyia,family_and_kinship,person_name,wikidata,en
Chinweizu Ejikeme Udobi,family_and_kinship,person_name,wikidata,en
Chris Ebigbo,family_and_kinship,person_name,wikidata,en
Zoro,family_and_kinship,person_name,wikidata,en
Victor Osuagwu,family_and_kinship,person_name,wikidata,en
Chioma Chukwuka,family_and_kinship,person_name,wikidata,en
Chidi Nwaogu,family_and_kinship,person_name,wikidata,en
Mary Nzimiro,family_and_kinship,person_name,wikidata,en
Tony Uchenna Ubesie,family_and_kinship,person_name,wikidata,en
Patience Ozokwor,family_and_kinship,person_name,wikidata,en
Samuel Chukwueze,family_and_kinship,person_name,wikidata,en
Micheal Adeniji,family_and_kinship,person_name,wikidata,en
Dr. Vincent Anayochukwu Ani,family_and_kinship,person_name,wikidata,en
Nkem Akaraiwe,family_and_kinship,person_name,wikidata,en
Tana Adelana,family_and_kinship,person_name,wikidata,en
Chidinma Favour Edeji,family_and_kinship,person_name,wikidata,en
Chioma Opara,family_and_kinship,person_name,wikidata,en
IK Ogbonna,family_and_kinship,person_name,wikidata,en
Chinaza Uchendu,family_and_kinship,person_name,wikidata,en
Chiamaka Cynthia Nnadozie,family_and_kinship,person_name,wikidata,en
Christy Ucheibe,family_and_kinship,person_name,wikidata,en
Zubby Michael,family_and_kinship,person_name,wikidata,en
Nedu Wazobia,family_and_kinship,person_name,wikidata,en
Chibueze Clement Udeani,family_and_kinship,person_name,wikidata,en
Chijioke Igwe,family_and_kinship,person_name,wikidata,en
Wendy Okolo,family_and_kinship,person_name,wikidata,en
Nkiru Balonwu,family_and_kinship,person_name,wikidata,en
Chidinma Okeke,family_and_kinship,person_name,wikidata,en
Chukwuemeka Fred Agbata,family_and_kinship,person_name,wikidata,en
Eric Kelechi Igwe,family_and_kinship,person_name,wikidata,en
Cecilia Ezeilo,family_and_kinship,person_name,wikidata,en
Chinwendu Johan Nkama,family_and_kinship,person_name,wikidata,en
Chinenye Nzom,family_and_kinship,person_name,wikidata,en
Chinedum Enyinnaya Orji,family_and_kinship,person_name,wikidata,en
Nkem Okocha,family_and_kinship,person_name,wikidata,en
Amarachi Nwosu,family_and_kinship,person_name,wikidata,en
Otosirieze Obi-Young,family_and_kinship,person_name,wikidata,en
Nkechi Agwu,family_and_kinship,person_name,wikidata,en
Chuka Odom,family_and_kinship,person_name,wikidata,en
Chris Okagbue,family_and_kinship,person_name,wikidata,en
Vivian Okeke,family_and_kinship,person_name,wikidata,en
Mercy Eke,family_and_kinship,person_name,wikidata,en
Pius Nwankwo Okeke,family_and_kinship,person_name,wikidata,en
Onyeche Tifase,family_and_kinship,person_name,wikidata,en
Nonso Bassey,family_and_kinship,person_name,wikidata,en
Ngozi Echems,family_and_kinship,person_name,wikidata,en
Chinonye Chidolue,family_and_kinship,person_name,wikidata,en
Chuks Nwoko,family_and_kinship,person_name,wikidata,en
Ngozi Uduma,family_and_kinship,person_name,wikidata,en
Sarah Ogidi,family_and_kinship,person_name,wikidata,en
ABC Nwosu,family_and_kinship,person_name,wikidata,en
Patrick Obi Ngoddy,family_and_kinship,person_name,wikidata,en
Allen Ifechukwu Onyema,family_and_kinship,person_name,wikidata,en
Ada Ameh,family_and_kinship,person_name,wikidata,en
Keppy Ekpenyong,family_and_kinship,person_name,wikidata,en
Nenny B,family_and_kinship,person_name,wikidata,en
Ifeanyi Kalu,family_and_kinship,person_name,wikidata,en
Jennifer Eliogu,family_and_kinship,person_name,wikidata,en
Uche Elendu,family_and_kinship,person_name,wikidata,en
Kelvin Ikeduba,family_and_kinship,person_name,wikidata,en
Kenneth Okolie,family_and_kinship,person_name,wikidata,en
Obidike Lawrence Ezeilo,family_and_kinship,person_name,wikidata,en
Chukwuma Ezeilo,family_and_kinship,person_name,wikidata,en
Chikadibia Ofili,family_and_kinship,person_name,wikidata,en
Chika Ejikeugwu,family_and_kinship,person_name,wikidata,en
Ngozi Egbuna,family_and_kinship,person_name,wikidata,en
Chinyere Anokwuru,family_and_kinship,person_name,wikidata,en
Obinna Iyiegbu,family_and_kinship,person_name,wikidata,en
Emeka B Kesieme,family_and_kinship,person_name,wikidata,en
Chinonye Akunne,family_and_kinship,person_name,wikidata,en
Admiral C4C,family_and_kinship,person_name,wikidata,en
Nwaka Chioma,family_and_kinship,person_name,wikidata,en
Chineme Martins,family_and_kinship,person_name,wikidata,en
Chukwuma Agugbue,family_and_kinship,person_name,wikidata,en
Nkiru Onyeagocha,family_and_kinship,person_name,wikidata,en
Ijeoma Nwaogwugwu,family_and_kinship,person_name,wikidata,en
Chinyere Stella Okunna,family_and_kinship,person_name,wikidata,en
Christy A.N. Okoromah,family_and_kinship,person_name,wikidata,en
Chizor Malize,family_and_kinship,person_name,wikidata,en
Amara Kanu Nwankwo,family_and_kinship,person_name,wikidata,en
Chinwe Esimai,family_and_kinship,person_name,wikidata,en
Chinyere Wilfred,family_and_kinship,person_name,wikidata,en
Ivy Uche Okoronkwo,family_and_kinship,person_name,wikidata,en
Audrey Joe-Ezigbo,family_and_kinship,person_name,wikidata,en
Joyce Kalu,family_and_kinship,person_name,wikidata,en
Rita Daniels,family_and_kinship,person_name,wikidata,en
Chinedu Ekene,family_and_kinship,person_name,wikidata,en
Speed Darlington,family_and_kinship,person_name,wikidata,en
Chiedozie Akwiwu,family_and_kinship,person_name,wikidata,en
Chiudo Ehiudo,family_and_kinship,person_name,wikidata,en
Chidinma Okoro,family_and_kinship,person_name,wikidata,en
Chioma Nwankwo,family_and_kinship,person_name,wikidata,en
Vivian Ikechukwu,family_and_kinship,person_name,wikidata,en
Obiora Anidi,family_and_kinship,person_name,wikidata,en
CKay,family_and_kinship,person_name,wikidata,en
Chinonso Henry,family_and_kinship,person_name,wikidata,en
Joy Onumajuru,family_and_kinship,person_name,wikidata,en
Chioma Ikokwu,family_and_kinship,person_name,wikidata,en
Chinonyerem Macleans,family_and_kinship,person_name,wikidata,en
Chinwe Egwim,family_and_kinship,person_name,wikidata,en
Chima Moneke,family_and_kinship,person_name,wikidata,en
Nnamdi Ekeh,family_and_kinship,person_name,wikidata,en
Cheta Chukwu,family_and_kinship,person_name,wikidata,en
Udoka Oyeka,family_and_kinship,person_name,wikidata,en
Chichi Gift  Egbule,family_and_kinship,person_name,wikidata,en
Elvina Ibru,family_and_kinship,person_name,wikidata,en
Roy Umahi Nwaeze,family_and_kinship,person_name,wikidata,en
Chinelo Iyadi,family_and_kinship,person_name,wikidata,en
Anayo Iwuala,family_and_kinship,person_name,wikidata,en
Rita Edochie,family_and_kinship,person_name,wikidata,en
Nnenna Oti,family_and_kinship,person_name,wikidata,en
Nkechi Blessing Sunday,family_and_kinship,person_name,wikidata,en
Placid Njoku,family_and_kinship,person_name,wikidata,en
Stanley Nwabili,family_and_kinship,person_name,wikidata,en
Michelle Gentry,family_and_kinship,person_name,wikidata,en
Josh Alfred,family_and_kinship,person_name,wikidata,en
Thelma Njemanze,family_and_kinship,person_name,wikidata,en
Favour Ugochi Anosike,family_and_kinship,person_name,wikidata,en
Ijeoma Lucia Ojukwu,family_and_kinship,person_name,wikidata,en
Uzor Arukwe,family_and_kinship,person_name,wikidata,en
Maduebibisi Iwe,family_and_kinship,person_name,wikidata,en
Uche Angelina Chioma,family_and_kinship,person_name,wikidata,en
Umunnakwe Gertude Chinwendu,family_and_kinship,person_name,wikidata,en
Ngozi Osuchukwu,family_and_kinship,person_name,wikidata,en
Chibuike Benjamin Nnonah,family_and_kinship,person_name,wikidata,en
Elma Mbadiwe,family_and_kinship,person_name,wikidata,en
Uche Nwaefuna,family_and_kinship,person_name,wikidata,en
Emem Inwang,family_and_kinship,person_name,wikidata,en
Kingsley Abasili,family_and_kinship,person_name,wikidata,en
Adaeze Onuigbo,family_and_kinship,person_name,wikidata,en
Mercy Kenneth Okonkwo,family_and_kinship,person_name,wikidata,en
Romanus O. Ukaigwe,family_and_kinship,person_name,wikidata,en
Nwokicha Udo Nwokocha,family_and_kinship,person_name,wikidata,en
Ogbomo Monday obaidjevwe,family_and_kinship,person_name,wikidata,en
Matilda Lambert,family_and_kinship,person_name,wikidata,en
Sharon Ifedi,family_and_kinship,person_name,wikidata,en
Chika Ikenga,family_and_kinship,person_name,wikidata,en
Felix Onwuchekwa Nwabuko,family_and_kinship,person_name,wikidata,en
Emeka Ilechukwu,family_and_kinship,person_name,wikidata,en
Rachel Ashegbofe Ikemeh,family_and_kinship,person_name,wikidata,en
Chimaobi Ebisike,family_and_kinship,person_name,wikidata,en
Chuma Nwokolo Jr.,family_and_kinship,person_name,wikidata,en
Gilbert Onyekachukwu Ibezim,family_and_kinship,person_name,wikidata,en
Amara Nicole Okolo,family_and_kinship,person_name,wikidata,en
Paul Agu,family_and_kinship,person_name,wikidata,en
Elsie Nwokolo,family_and_kinship,person_name,wikidata,en
Obinna Udenwe,family_and_kinship,person_name,wikidata,en
Martha Ibezim,family_and_kinship,person_name,wikidata,en
Ngozi Okafor,family_and_kinship,person_name,wikidata,en
Chioma Iwunze Ibiam.,family_and_kinship,person_name,wikidata,en
Alexander Emmanuel Ochogwu,family_and_kinship,person_name,wikidata,en
Nnamdi Ehirim,family_and_kinship,person_name,wikidata,en
T. Uzodinma Nwala,family_and_kinship,person_name,wikidata,en
Korra Obidi,family_and_kinship,person_name,wikidata,en
Moses Ebere,family_and_kinship,person_name,wikidata,en
Ekene Som Mekwunye,family_and_kinship,person_name,wikidata,en
Ifeanyi Ikpoenyi,family_and_kinship,person_name,wikidata,en
Peter Mbah,family_and_kinship,person_name,wikidata,en
Jude Chukwuka,family_and_kinship,person_name,wikidata,en
Akah Nnani,family_and_kinship,person_name,wikidata,en
Chimezie Obi-iwuagwu,family_and_kinship,person_name,wikidata,en
Ijeoma Onyeator,family_and_kinship,person_name,wikidata,en
Nwifuru Francis,family_and_kinship,person_name,wikidata,en
Alexander Madiebo,family_and_kinship,person_name,wikidata,en
Nkwo Onwuka-Binitie,family_and_kinship,person_name,wikidata,en
Cross Okonkwo,family_and_kinship,person_name,wikidata,en
Kelvin Mary Ndukwe,family_and_kinship,person_name,wikidata,en
Benjamin Chiedu,family_and_kinship,person_name,wikidata,en
Chineye Onah,family_and_kinship,person_name,wikidata,en
Evans Odiagbe,family_and_kinship,person_name,wikidata,en
Nwogu Victory Emeka,family_and_kinship,person_name,wikidata,en
Obinna Nwaka,family_and_kinship,person_name,wikidata,en
Onyendika Ibeji,family_and_kinship,person_name,wikidata,en
Blessing Onwukwe,family_and_kinship,person_name,wikidata,en
Uyoyou Adia,family_and_kinship,person_name,wikidata,en
Obi Maduegbuna,family_and_kinship,person_name,wikidata,en
Uche Abuah,family_and_kinship,person_name,wikidata,en
Arthur Eze,family_and_kinship,person_name,wikidata,en
Austin Faani,family_and_kinship,person_name,wikidata,en
Bryant Orjiako,family_and_kinship,person_name,wikidata,en
Ego Nwosu,family_and_kinship,person_name,wikidata,en
John Madueke,family_and_kinship,person_name,wikidata,en
Chioma Onyenwe,family_and_kinship,person_name,wikidata,en
Chris Eneng Enaji,family_and_kinship,person_name,wikidata,en
Ifan Ifeanyi Michael,family_and_kinship,person_name,wikidata,en
Kelechi Freeman Ukadike,family_and_kinship,person_name,wikidata,en
Alexandra Sandra Asogwa,family_and_kinship,person_name,wikidata,en
Cynthia Okereke,family_and_kinship,person_name,wikidata,en
Diche Enunwa,family_and_kinship,person_name,wikidata,en
Emeka Enyiocha,family_and_kinship,person_name,wikidata,en
Onyebuchi Franklin Odurukwe (Bucci Franklin),family_and_kinship,person_name,wikidata,en
Pauline Dike,family_and_kinship,person_name,wikidata,en
Roy Denani,family_and_kinship,person_name,wikidata,en
Stan Amadi,family_and_kinship,person_name,wikidata,en
Chinenye Okwudili Balogun,family_and_kinship,person_name,wikidata,en
David Orere,family_and_kinship,person_name,wikidata,en
Jennifer Obodo,family_and_kinship,person_name,wikidata,en
Lisa Onu,family_and_kinship,person_name,wikidata,en
Nelly Ejianwu,family_and_kinship,person_name,wikidata,en
Onyi Alex,family_and_kinship,person_name,wikidata,en
Victoria Egbuchere,family_and_kinship,person_name,wikidata,en
Anthonieta Kalunta,family_and_kinship,person_name,wikidata,en
Jerry Williams,family_and_kinship,person_name,wikidata,en
Chika Onukwufor,family_and_kinship,person_name,wikidata,en
Adaeze Eluke,family_and_kinship,person_name,wikidata,en
Andy Amenechi,family_and_kinship,person_name,wikidata,en
Charles Okafor,family_and_kinship,person_name,wikidata,en
Chika Anyanwu,family_and_kinship,person_name,wikidata,en
Chisom Tatiana Steve,family_and_kinship,person_name,wikidata,en
Dan Orieke Orji,family_and_kinship,person_name,wikidata,en
Gab Onyi Okoye,family_and_kinship,person_name,wikidata,en
Ifeanyi Azodo,family_and_kinship,person_name,wikidata,en
Joe Nwosu,family_and_kinship,person_name,wikidata,en
Joy Odiete,family_and_kinship,person_name,wikidata,en
Juliet Njemanze,family_and_kinship,person_name,wikidata,en
Kenneth Nnebue,family_and_kinship,person_name,wikidata,en
Madu Chikwendu,family_and_kinship,person_name,wikidata,en
Nkiru Egwim,family_and_kinship,person_name,wikidata,en
Nkiru Umeh,family_and_kinship,person_name,wikidata,en
Nnenna Nwabueze,family_and_kinship,person_name,wikidata,en
Okorie Okereke,family_and_kinship,person_name,wikidata,en
Oscar Atuma,family_and_kinship,person_name,wikidata,en
Rita Nzelu,family_and_kinship,person_name,wikidata,en
Uche Ebere Agu,family_and_kinship,person_name,wikidata,en
Afam Okereke,family_and_kinship,person_name,wikidata,en
Augustine Ejike,family_and_kinship,person_name,wikidata,en
Chinwe Owoh,family_and_kinship,person_name,wikidata,en
Chris Onyenso,family_and_kinship,person_name,wikidata,en
Chuks Obiora,family_and_kinship,person_name,wikidata,en
Dandy C. Echefu,family_and_kinship,person_name,wikidata,en
Emeka Nwabueze,family_and_kinship,person_name,wikidata,en
Enadio Odigie,family_and_kinship,person_name,wikidata,en
Ernest Asuzu,family_and_kinship,person_name,wikidata,en
Fabian Adibe,family_and_kinship,person_name,wikidata,en
Gadiel Onwudiwe,family_and_kinship,person_name,wikidata,en
Ignis Ekwe,family_and_kinship,person_name,wikidata,en
Ijeoma Angel Boniface,family_and_kinship,person_name,wikidata,en
Ikenna Emma Aniekwe,family_and_kinship,person_name,wikidata,en
Ikenna Ezeugwu,family_and_kinship,person_name,wikidata,en
Iyke Odife,family_and_kinship,person_name,wikidata,en
John Nwaobi,family_and_kinship,person_name,wikidata,en
John Uche,family_and_kinship,person_name,wikidata,en
Kalu Anya,family_and_kinship,person_name,wikidata,en
Kingsley Ogbonna,family_and_kinship,person_name,wikidata,en
Lanre Falana,family_and_kinship,person_name,wikidata,en
Larry Ikpoenyi,family_and_kinship,person_name,wikidata,en
Larry Koldsweat,family_and_kinship,person_name,wikidata,en
Leo Mezie,family_and_kinship,person_name,wikidata,en
Louisa Nwobodo,family_and_kinship,person_name,wikidata,en
Mac-Collins Chidebe,family_and_kinship,person_name,wikidata,en
Marie Eboka,family_and_kinship,person_name,wikidata,en
McMorris Ndubueze,family_and_kinship,person_name,wikidata,en
Ndubuisi Okoh,family_and_kinship,person_name,wikidata,en
Nnamdi Eze,family_and_kinship,person_name,wikidata,en
Nonso Emekaekwue,family_and_kinship,person_name,wikidata,en
Obi Okoli,family_and_kinship,person_name,wikidata,en
Obio Oluebube,family_and_kinship,person_name,wikidata,en
Ojiofor Ezeanyaeche,family_and_kinship,person_name,wikidata,en
Okechukwu Obioha,family_and_kinship,person_name,wikidata,en
Prince James Uche,family_and_kinship,person_name,wikidata,en
Solomon Nwoko,family_and_kinship,person_name,wikidata,en
Stella Ikwuegbu,family_and_kinship,person_name,wikidata,en
Tom Njemanze,family_and_kinship,person_name,wikidata,en
Tony Muonagor,family_and_kinship,person_name,wikidata,en
Uche Ama Abriel,family_and_kinship,person_name,wikidata,en
Udochi Anthony,family_and_kinship,person_name,wikidata,en
Ugo Ugbor,family_and_kinship,person_name,wikidata,en
Uju Okoli,family_and_kinship,person_name,wikidata,en
Zik Zulu Okafor,family_and_kinship,person_name,wikidata,en
Austin Chima,family_and_kinship,person_name,wikidata,en
Best Okoduwa,family_and_kinship,person_name,wikidata,en
Bobby Obodo,family_and_kinship,person_name,wikidata,en
Chibuzor Afurobi,family_and_kinship,person_name,wikidata,en
Chioma Adibe,family_and_kinship,person_name,wikidata,en
Dabby Chimere,family_and_kinship,person_name,wikidata,en
Ejike Chinedu Obim,family_and_kinship,person_name,wikidata,en
Ethan Okwara,family_and_kinship,person_name,wikidata,en
Joy Nmezi,family_and_kinship,person_name,wikidata,en
Michael Uadiale Jr.,family_and_kinship,person_name,wikidata,en
Ngozi Nwaneto,family_and_kinship,person_name,wikidata,en
Onyekachi Ejim,family_and_kinship,person_name,wikidata,en
Uche Nwadili,family_and_kinship,person_name,wikidata,en
Anthony Eloka Ogbu,family_and_kinship,person_name,wikidata,en
Morocco Maduka,family_and_kinship,person_name,wikidata,en
Awa k. Ndukwe,family_and_kinship,person_name,wikidata,en
Jessica Orishane,family_and_kinship,person_name,wikidata,en
Longinus Anyaaehiechukwu Anokwute,family_and_kinship,person_name,wikidata,en
Uzodima Esther,family_and_kinship,person_name,wikidata,en
Joey Akan,family_and_kinship,person_name,wikidata,en
Kelechukwu Nwachukwu Lucky,family_and_kinship,person_name,wikidata,en
Uzochukwu Jude Njoku,family_and_kinship,person_name,wikidata,en
Cheesy Vibes,family_and_kinship,person_name,wikidata,en
Boniface Offokaja,family_and_kinship,person_name,wikidata,en
Robert Azibaola,family_and_kinship,person_name,wikidata,en
Charles Anazodo,family_and_kinship,person_name,wikidata,en
Egbe Joy,family_and_kinship,person_name,wikidata,en
Ada Nduka Oyom,family_and_kinship,person_name,wikidata,en
Destiny Amaka,family_and_kinship,person_name,wikidata,en
Chioma Nwaoha,family_and_kinship,person_name,wikidata,en
Martina Egwuibe,family_and_kinship,person_name,wikidata,en
David Eribe King,family_and_kinship,person_name,wikidata,en
Tracy Chapele,family_and_kinship,person_name,wikidata,en
Uju Umo,family_and_kinship,person_name,wikidata,en
Mary Ngozi Nnamani,family_and_kinship,person_name,wikidata,en
Ngozika Mbajiorgu,family_and_kinship,person_name,wikidata,en
Chiagozie Udeh,family_and_kinship,person_name,wikidata,en
Chidi Hyginus Ugwu,family_and_kinship,person_name,wikidata,en
Ifeanyi Ossai,family_and_kinship,person_name,wikidata,en
Georgina Onuoha,family_and_kinship,person_name,wikidata,en
Charles Udenze Ilegbune,family_and_kinship,person_name,wikidata,en
Nwanko Kanu,family_and_kinship,person_name,wikidata,en
Arinze Ifeakandu,family_and_kinship,person_name,wikidata,en
Greg Chukwudi Nwakoby,family_and_kinship,person_name,wikidata,en
Obi Ozor,family_and_kinship,person_name,wikidata,en
Patricia Obila,family_and_kinship,person_name,wikidata,en
Blessing Abeng,family_and_kinship,person_name,wikidata,en
Nwaopara Anthony Obioma,family_and_kinship,person_name,wikidata,en
Iweka Friday Kenneth,family_and_kinship,person_name,wikidata,en
Chidiebere Nwaoma Uwa,family_and_kinship,person_name,wikidata,en
Casmir Ifeanyi,family_and_kinship,person_name,wikidata,en
Chioma Egondu Nwosu-Iheme,family_and_kinship,person_name,wikidata,en
Donald Ibe Ofili,family_and_kinship,person_name,wikidata,en
Obande Festus Ogbuinya,family_and_kinship,person_name,wikidata,en
Nto Philips OkpoOkore,family_and_kinship,person_name,wikidata,en
Gagami Egonmwan,family_and_kinship,person_name,wikidata,en
Sophia C. Madumere,family_and_kinship,person_name,wikidata,en
Chiamaka Okafor,family_and_kinship,person_name,wikidata,en
Godwin Emezue,family_and_kinship,person_name,wikidata,en
Monle Oyono,family_and_kinship,person_name,wikidata,en
Chinyere Ihuoma Ekomaro,family_and_kinship,person_name,wikidata,en
Christiana Obia,family_and_kinship,person_name,wikidata,en
Grace Ekpu,family_and_kinship,person_name,wikidata,en
Ojoma Akor,family_and_kinship,person_name,wikidata,en
Onyinyechi Eze,family_and_kinship,person_name,wikidata,en
Ijeoma Okereke,family_and_kinship,person_name,wikidata,en
Martha Agbani,family_and_kinship,person_name,wikidata,en
Nelly Kalu,family_and_kinship,person_name,wikidata,en
Oge Uche,family_and_kinship,person_name,wikidata,en
Oluchi Iwuoha,family_and_kinship,person_name,wikidata,en
Sunday Oge Elom,family_and_kinship,person_name,wikidata,en
Christy Joseph-Chukwuemeka,family_and_kinship,person_name,wikidata,en
Goodness Emmanuel,family_and_kinship,person_name,wikidata,en
Uche Rowland Ojinmah,family_and_kinship,person_name,wikidata,en
Esther Onyenezide,family_and_kinship,person_name,wikidata,en
Ogechi Ekeanyanwu,family_and_kinship,person_name,wikidata,en
Veronica Onuchi,family_and_kinship,person_name,wikidata,en
Konwea patience esohe,family_and_kinship,person_name,wikidata,en
Ugochi Anyaka-Oluigbo,family_and_kinship,person_name,wikidata,en
Chinaza Agoh,family_and_kinship,person_name,wikidata,en
Udenta O. Udenta,family_and_kinship,person_name,wikidata,en
Ukachukwu Aloysius Awuzie,family_and_kinship,person_name,wikidata,en
Eugene N. Nweke,family_and_kinship,person_name,wikidata,en
Maduabuchi Inwele Amobi,family_and_kinship,person_name,wikidata,en
Chris Nwani,family_and_kinship,person_name,wikidata,en
Ogueji Emmanuel Okechukwu,family_and_kinship,person_name,wikidata,en
Edwin Edeh,family_and_kinship,person_name,wikidata,en
Edwin Ogechukwu Omeje,family_and_kinship,person_name,wikidata,en
Chike John Okeke,family_and_kinship,person_name,wikidata,en
Joy Okpuzor,family_and_kinship,person_name,wikidata,en
Juliana Nkechi Udensi,family_and_kinship,person_name,wikidata,en
Oji Mgbechi,family_and_kinship,person_name,wikidata,en
Angela Ebele Okpala,family_and_kinship,person_name,wikidata,en
Georgina Uche Oyedum,family_and_kinship,person_name,wikidata,en
Gladys Ngozi Onyia,family_and_kinship,person_name,wikidata,en
Daniel Nwachukwu,family_and_kinship,person_name,wikidata,en
Flourish Sabastine,family_and_kinship,person_name,wikidata,en
Ugwunwa Chinyere Esse,family_and_kinship,person_name,wikidata,en
Umunna Opara,family_and_kinship,person_name,wikidata,en
Esther Mbah,family_and_kinship,person_name,wikidata,en
Inimbom Bassey,family_and_kinship,person_name,wikidata,en
Mercy Abutsa,family_and_kinship,person_name,wikidata,en
Emeka Mba,family_and_kinship,person_name,wikidata,en
Adolphus Mary Ike,family_and_kinship,person_name,wikidata,en
Boniface Nweke,family_and_kinship,person_name,wikidata,en
Chikwe Godson,family_and_kinship,person_name,wikidata,en
Igboke Onyebuchi,family_and_kinship,person_name,wikidata,en
Sunny Nweke,family_and_kinship,person_name,wikidata,en
MARY JALINGO,family_and_kinship,person_name,wikidata,en
Sylverster Onyis,family_and_kinship,person_name,wikidata,en
Victoria Oruwari,family_and_kinship,person_name,wikidata,en
Ndubueze Leonard Mbah,family_and_kinship,person_name,wikidata,en
Simon M. Sichert,family_and_kinship,person_name,wikidata,en
Chinwe Egwuagu,family_and_kinship,person_name,wikidata,en
Clara Chinwe Nnabuife,family_and_kinship,person_name,wikidata,en
Oyibo Odinamadu,family_and_kinship,person_name,wikidata,en
E. U. L. Imaga,family_and_kinship,person_name,wikidata,en
Chidozie Nzeribe,family_and_kinship,person_name,wikidata,en
Lawrence Ukwu,family_and_kinship,person_name,wikidata,en
Kevin Bosco,family_and_kinship,person_name,wikidata,en
Charity Friday Ido,family_and_kinship,person_name,wikidata,en
Emeka Obiakonwa,family_and_kinship,person_name,wikidata,en
Ezenwa P. Okafor,family_and_kinship,person_name,wikidata,en
Isabella Okagbue,family_and_kinship,person_name,wikidata,en
S. I Okafor,family_and_kinship,person_name,wikidata,en
Mary Lucky Nkpa,family_and_kinship,person_name,wikidata,en
Seimeyeha Akekoromowei,family_and_kinship,person_name,wikidata,en
Chidera Nancy Okenwa,family_and_kinship,person_name,wikidata,en
Edidiong Raymond Etim,family_and_kinship,person_name,wikidata,en
Orvegwe Blessing Sunday,family_and_kinship,person_name,wikidata,en
Adoo Yina,family_and_kinship,person_name,wikidata,en
Rose Osuji,family_and_kinship,person_name,wikidata,en
Celestine Umeibe,family_and_kinship,person_name,wikidata,en
De Catamon,family_and_kinship,person_name,wikidata,en
Okoronkwo Kesandu Ogan,family_and_kinship,person_name,wikidata,en
Chiamaka Offorjebe,family_and_kinship,person_name,wikidata,en
Chinwe Okoli,family_and_kinship,person_name,wikidata,en
Afan festival,festivals_religion,festival,wikidata,en
Lagos Book and Art Festival,festivals_religion,festival,wikidata,en
Ayet Atyap annual cultural festival,festivals_religion,festival,wikidata,en
Our Homecoming,festivals_religion,festival,wikidata,en
"ABA Festival, Igarra",festivals_religion,festival,wikidata,en
Annang Festival of Art and Culture,festivals_religion,festival,wikidata,en
Nigeria International Book Fair,festivals_religion,festival,wikidata,en
Songs of Nigeria Festival,festivals_religion,festival,wikidata,en
Golibe Festival,festivals_religion,festival,wikidata,en
Kwete Cultural Festival,festivals_religion,festival,wikidata,en
Imo Awka festival,festivals_religion,festival,wikidata,en
Oronna Festival,festivals_religion,festival,wikidata,en
Kayo-Kayo Festival,festivals_religion,festival,wikidata,en
Ovia-Osese Festival,festivals_religion,festival,wikidata,en
Ahiajoku festival,festivals_religion,festival,wikidata,en
Alo Mmo New Yam Festival,festivals_religion,festival,wikidata,en
Amanya Festival,festivals_religion,festival,wikidata,en
Ariginya Festival,festivals_religion,festival,wikidata,en
Atakpo Festival,festivals_religion,festival,wikidata,en
Ekong Festival,festivals_religion,festival,wikidata,en
Ekong Nkemba Festival,festivals_religion,festival,wikidata,en
Ekpe Outings Festival,festivals_religion,festival,wikidata,en
Gaorgaram Fishing and cultural Festival,festivals_religion,festival,wikidata,en
Idumangi Festival,festivals_religion,festival,wikidata,en
Ijele Masquerade Festival,festivals_religion,festival,wikidata,en
Njuwa Fishing Festival,festivals_religion,festival,wikidata,en
Omabe Festival,festivals_religion,festival,wikidata,en
Phuki Festival,festivals_religion,festival,wikidata,en
Rakange Festival,festivals_religion,festival,wikidata,en
Vunon Cultural Festival,festivals_religion,festival,wikidata,en
Akata Benue Fishing Festival,festivals_religion,festival,wikidata,en
Ekpiri Akata Festival,festivals_religion,festival,wikidata,en
Eset (Ise) Feast Festival,festivals_religion,festival,wikidata,en
Feast of Etefia Deity Festival,festivals_religion,festival,wikidata,en
Nwonyo Fishing Festival,festivals_religion,festival,wikidata,en
epa festival,festivals_religion,festival,wikidata,en
Sharo Festival,festivals_religion,festival,wikidata,en
Lagos Food Festival,festivals_religion,festival,wikidata,en
Tuk-ham festival,festivals_religion,festival,wikidata,en
Barakau Annual Festival,festivals_religion,festival,wikidata,en
Efu festival,festivals_religion,festival,wikidata,en
Igu aro,festivals_religion,festival,wikidata,en
Ivom festival,festivals_religion,festival,wikidata,en
Jaci festival,festivals_religion,festival,wikidata,en
Oko festival,festivals_religion,festival,wikidata,en
Adane-Okpe Festival,festivals_religion,festival,wikidata,en
Egbe festival,festivals_religion,festival,wikidata,en
Gani durbar festival,festivals_religion,festival,wikidata,en
Kallon kuwa festival,festivals_religion,festival,wikidata,en
Odun ijesu (new yam festival),festivals_religion,festival,wikidata,en
Oguberi festival,festivals_religion,festival,wikidata,en
Okosa fishing festival,festivals_religion,festival,wikidata,en
Udiroko Festival,festivals_religion,festival,wikidata,en
Ugioro Festival,festivals_religion,festival,wikidata,en
Ukpe  Festival,festivals_religion,festival,wikidata,en
Usoro Ekpo festival,festivals_religion,festival,wikidata,en
Agan festival,festivals_religion,festival,wikidata,en
Ekuechi festival,festivals_religion,festival,wikidata,en
Eluku,festivals_religion,festival,wikidata,en
Ikan festival,festivals_religion,festival,wikidata,en
Lagos international film festival,festivals_religion,festival,wikidata,en
Lokoja fishing festival,festivals_religion,festival,wikidata,en
Ogani Festival,festivals_religion,festival,wikidata,en
Yoruba arts festival,festivals_religion,festival,wikidata,en
Feast of Anyan Festival,festivals_religion,festival,wikidata,en
Inkim-Eyong festival,festivals_religion,festival,wikidata,en
Mfuuho festival,festivals_religion,festival,wikidata,en
Mmanwu (masqurade festival),festivals_religion,festival,wikidata,en
Nnekeji festival of Achi,festivals_religion,festival,wikidata,en
Odo festival,festivals_religion,festival,wikidata,en
Ugie-Ododua(Aguosa)Festival,festivals_religion,festival,wikidata,en
Ugivie festival,festivals_religion,festival,wikidata,en
Bauchi State Festival of Arts and Culture,festivals_religion,festival,wikidata,en
Ime Ogbe Festival,festivals_religion,festival,wikidata,en
Iso Awa-Itam feast festival,festivals_religion,festival,wikidata,en
Lake Efi Fishing Festival,festivals_religion,festival,wikidata,en
Nkuku Atan festival,festivals_religion,festival,wikidata,en
Obodom Eyong (Drum in the Sky) Festival,festivals_religion,festival,wikidata,en
Odemimom Festival,festivals_religion,festival,wikidata,en
Traditional wrestling Festival,festivals_religion,festival,wikidata,en
Circumcision Feast of Gezawa People,festivals_religion,festival,wikidata,en
Ikwu Ooya Or Owyi-Onyonyi Festival,festivals_religion,festival,wikidata,en
Nyinya (Umilin) Festival,festivals_religion,festival,wikidata,en
Odumu Festival,festivals_religion,festival,wikidata,en
Richu Festival,festivals_religion,festival,wikidata,en
Ujor Festival,festivals_religion,festival,wikidata,en
Upleka Festival,festivals_religion,festival,wikidata,en
Uzo Iyi Festival,festivals_religion,festival,wikidata,en
Amasinghan Festival,festivals_religion,festival,wikidata,en
Echi festival,festivals_religion,festival,wikidata,en
Ijoha Egbadogwu Festival,festivals_religion,festival,wikidata,en
Ikase Akombo And Tyav Festival,festivals_religion,festival,wikidata,en
Imo (1 Mini) Festival,festivals_religion,festival,wikidata,en
Indyer Festival,festivals_religion,festival,wikidata,en
Kwagh-Hir Festival,festivals_religion,festival,wikidata,en
Mzough U–Tiv (Tiv National Day),festivals_religion,festival,wikidata,en
New Yam Festivals in Nigeria,festivals_religion,festival,wikidata,en
GTBank Food and Drink Festival,festivals_religion,festival,wikidata,en
Jos Carnival,festivals_religion,festival,wikidata,en
Eggon Carnival,festivals_religion,festival,wikidata,en
Afan National Festival 2017,festivals_religion,festival,wikidata,en
Afan National Festival 2020,festivals_religion,festival,wikidata,en
Ayet Atyap annual cultural festival 2024,festivals_religion,festival,wikidata,en
Ayet Atyap annual cultural festival 2019,festivals_religion,festival,wikidata,en
Ayet Atyap annual cultural festival 2023,festivals_religion,festival,wikidata,en
Ayet Atyap Karu 2024,festivals_religion,festival,wikidata,en
"Erema Town, Egi Clan",festivals_religion,festival,wikidata,en
Ilorin Emirate Durbar,festivals_religion,festival,wikidata,en
Kano Durbar Festival,festivals_religion,festival,wikidata,en
Agiri Festival (Bille Kingdom),festivals_religion,festival,wikidata,en
Eko International Film Festival,festivals_religion,festival,wikidata,en
Livespot X Festival,festivals_religion,festival,wikidata,en
Gaani Festival,festivals_religion,festival,wikidata,en
Nativeland,festivals_religion,festival,wikidata,en
Eid al-Adha in Nigeria,festivals_religion,festival,wikidata,en
Iwude Ijesa,festivals_religion,festival,wikidata,en
Ede-Aroh festival,festivals_religion,festival,wikidata,en
Ekpe Cultural Festival,festivals_religion,festival,wikidata,en
Ekpe Masquerade Festival,festivals_religion,festival,wikidata,en
Iganmode Cultural Festival,festivals_religion,festival,wikidata,en
ION International Film Festival,festivals_religion,festival,wikidata,en
Ogwu Ekpeye,festivals_religion,festival,wikidata,en
Argungu Fishing Festival,festivals_religion,festival,wikidata,en
Ijok-Irin,festivals_religion,festival,wikidata,en
EniObanke Music Festival,festivals_religion,festival,wikidata,en
Mainland BlockParty,festivals_religion,festival,wikidata,en
Eastern Nigeria International Film Festival,festivals_religion,festival,wikidata,en
Lagos International Poetry Festival,festivals_religion,festival,wikidata,en
Eastern Nigeria International Film festival,festivals_religion,festival,wikidata,en
Ife Festival of the Arts,festivals_religion,festival,wikidata,en
Igede Agba,festivals_religion,festival,wikidata,en
Ọganyi Festival,festivals_religion,festival,wikidata,en
Ede Opoto festival,festivals_religion,festival,wikidata,en
Ede Opoto Ukpo Festival,festivals_religion,festival,wikidata,en
Gwo-Gwo Festival,festivals_religion,festival,wikidata,en
Ijakadi Festival,festivals_religion,festival,wikidata,en
Enugu Photo Festival,festivals_religion,festival,wikidata,en
Kaiama Gaani festival,festivals_religion,festival,wikidata,en
Kamti festival,festivals_religion,festival,wikidata,en
Bala Baraa Ma Jalam Cultural festival,festivals_religion,festival,wikidata,en
Idoma International Carnival,festivals_religion,festival,wikidata,en
LagosPhoto Festival,festivals_religion,festival,wikidata,en
Nations Rhythm Festival,festivals_religion,festival,wikidata,en
Osun-Osogbo festival,festivals_religion,festival,wikidata,en
Rhythm Unplugged,festivals_religion,festival,wikidata,en
The Afro Street Festival,festivals_religion,festival,wikidata,en
Nupe Day Celebration,festivals_religion,festival,wikidata,en
Ofala Festival,festivals_religion,festival,wikidata,en
Gẹlẹdẹ festival,festivals_religion,festival,wikidata,en
Eyibi Festival,festivals_religion,festival,wikidata,en
Odun-Osu Festival,festivals_religion,festival,wikidata,en
Afan National Festival 2024,festivals_religion,festival,wikidata,en
Chong Dovetail,festivals_religion,festival,wikidata,en
iREP Film Festival,festivals_religion,festival,wikidata,en
The African Student Film Festival,festivals_religion,festival,wikidata,en
Nollywood Travel Film Festival,festivals_religion,festival,wikidata,en
Ìṣẹ̀ṣe Day,festivals_religion,festival,wikidata,en
Ofala Onitsha Festival,festivals_religion,festival,wikidata,en
Tor tiv coronation festival,festivals_religion,festival,wikidata,en
Ugboju masquerade festival,festivals_religion,festival,wikidata,en
Lagos Photo,festivals_religion,festival,wikidata,en
Igue festival,festivals_religion,festival,wikidata,en
Africa International Film Festival,festivals_religion,festival,wikidata,en
Carniriv,festivals_religion,festival,wikidata,en
New Yam Festival of the Igbo,festivals_religion,festival,wikidata,en
Olojo Festival,festivals_religion,festival,wikidata,en
Durbar festival,festivals_religion,festival,wikidata,en
Afropolitan Vibes,festivals_religion,festival,wikidata,en
Gidi Culture Festival,festivals_religion,festival,wikidata,en
Ojude Oba festival,festivals_religion,festival,wikidata,en
Igogo festival,festivals_religion,festival,wikidata,en
Felabration,festivals_religion,festival,wikidata,en
Lagos Seafood Festival,festivals_religion,festival,wikidata,en
Lagos Black Heritage Festival,festivals_religion,festival,wikidata,en
Lagos Carnival,festivals_religion,festival,wikidata,en
Oro Festival,festivals_religion,festival,wikidata,en
Sango Festival of Oyo,festivals_religion,festival,wikidata,en
FESTAC 77,festivals_religion,festival,wikidata,en
Nnewi Afiaolu Festival,festivals_religion,festival,wikidata,en
Aké Arts and Book Festival,festivals_religion,festival,wikidata,en
Lagos International Jazz Festival,festivals_religion,festival,wikidata,en
The Experience,festivals_religion,festival,wikidata,en
Ogun Festival,festivals_religion,festival,wikidata,en
Kaduna Book and Arts Festival,festivals_religion,festival,wikidata,en
Calabar Carnival,festivals_religion,festival,wikidata,en
Eyo festival,festivals_religion,festival,wikidata,en
Idoma Carnival,festivals_religion,festival,wikidata,en
Agemo festival,festivals_religion,festival,wikidata,en
Zanga Festival,festivals_religion,festival,wikidata,en
Leboku,festivals_religion,festival,wikidata,en
October rain,festivals_religion,festival,wikidata,en
Olokun Festival,festivals_religion,festival,wikidata,en
Star Mega Jam,festivals_religion,festival,wikidata,en
Chinua Achebe Literary Festival,festivals_religion,festival,wikidata,en
"Lights, Camera, Africa!",festivals_religion,festival,wikidata,en
Nupe Cultural Day,festivals_religion,festival,wikidata,en
Pategi Regatta Festival,festivals_religion,festival,wikidata,en
Kyegh Sha Ishwa (Chicken with Sesame),festivals_religion,festival,wikidata,en
Adu Festival,festivals_religion,festival,wikidata,en
Benue Book and Art Festival,festivals_religion,festival,wikidata,en
Ochacho Carnival,festivals_religion,festival,wikidata,en
Imo  Benue Festival,festivals_religion,festival,wikidata,en
Eje-Alekwu,festivals_religion,festival,wikidata,en
Gberichur festival,festivals_religion,festival,wikidata,en
Ejegembi Festival,festivals_religion,festival,wikidata,en
Ukpleka Festival,festivals_religion,festival,wikidata,en
Rekange Festival,festivals_religion,festival,wikidata,en
Obaluaye Festival Ikorodu,festivals_religion,festival,wikidata,en
Turupu Festival Ikorodu,festivals_religion,festival,wikidata,en
Afan National Festival 2025,festivals_religion,festival,wikidata,en
Anyanwu,festivals_religion,deity,wikidata,en
Atai,festivals_religion,deity,wikidata,en
Yeye Osun,festivals_religion,deity,wikidata,en
Olofin (The great one),festivals_religion,deity,wikidata,en
Amadioha,festivals_religion,deity,wikidata,en
Ahia Njoku,festivals_religion,deity,wikidata,en
Idemili,festivals_religion,deity,wikidata,en
Ijaw water mothers,festivals_religion,deity,wikidata,en
